dataset,contrast,case_condition,reference_condition,cell_class,feature,n_pairs,mean_paired_difference,bootstrap_CI_low,bootstrap_CI_high,median_paired_difference,paired_difference_sd,paired_Cohen_dz,Wilcoxon_p,paired_t_p_sensitivity,status,BH_FDR,score_type,score_label,context,ci_excludes_zero
GSE132465,Tumor_vs_Normal,Tumor,Normal,Epithelial,M1_interstitial_pericellular_collagen,8,0.581691029104233,-0.145149708739826,1.42273886668012,-0.0035525864467653,1.2174106647981,0.477810032328492,0.62406453246517,0.218595236771526,estimated,0.833634883024682,module,M1,GSE132465 Epithelial,False
GSE132465,Tumor_vs_Normal,Tumor,Normal,Epithelial,M2_basement_membrane,8,1.40157405944892,0.823312506131986,1.94015801526582,1.60336818005395,0.858148862579513,1.63325283125811,0.0208625823327655,0.0024274706020576,estimated,0.0764961352201402,module,M2,GSE132465 Epithelial,True
GSE132465,Tumor_vs_Normal,Tumor,Normal,Epithelial,M3_matrix_organizing_glycoproteins,8,-0.0073027233746278,-0.89743344361642,0.814449499085537,0.449444131735317,1.37380520146881,-0.0053156905846768,0.833634883024682,0.988423772070342,estimated,0.833634883024682,module,M3,GSE132465 Epithelial,False
GSE132465,Tumor_vs_Normal,Tumor,Normal,Epithelial,M4_secreted_heparin_binding_factors,8,-0.462515012784971,-1.49402152714245,0.652332325702693,-0.442957850150741,1.6618845956428,-0.27830753952327,0.528612125255688,0.457000533874412,estimated,0.830676196830367,module,M4,GSE132465 Epithelial,False
GSE132465,Tumor_vs_Normal,Tumor,Normal,Epithelial,ECM19_structural_gene_equal,8,0.933992522238501,0.356905136734482,1.65475160133774,0.542941286980034,1.00178291818194,0.932330253677643,0.0142661867014469,0.0335680720255656,estimated,0.0764961352201402,structural_core,ECM19,GSE132465 Epithelial,True
GSE132465,Tumor_vs_Normal,Tumor,Normal,Epithelial,ECM21_gene_equal,8,0.802228987784763,0.173432546866207,1.60282450654985,0.347861144343603,1.10152122325627,0.728291902913365,0.058707408431205,0.0783742837833939,estimated,0.107630248790543,full_panel_gene_equal,ECM21-GE,GSE132465 Epithelial,True
GSE132465,Tumor_vs_Normal,Tumor,Normal,Epithelial,ECM21_module_balanced,8,0.40943262491492,-0.390901747411785,1.28239735886892,0.0177614315773949,1.346561116613,0.304057959095659,0.726286148878805,0.418263108575472,estimated,0.833634883024682,full_panel_module_balanced,ECM21-MB,GSE132465 Epithelial,False
GSE132465,Tumor_vs_Normal,Tumor,Normal,Fibroblast,M1_interstitial_pericellular_collagen,7,1.72379502667403,1.48988692838052,1.98418512133269,1.63071323109218,0.357543097771509,4.82122305651565,0.0224942712224497,1.42483680228376e-05,estimated,0.0543880189532544,module,M1,GSE132465 Fibroblast,True
GSE132465,Tumor_vs_Normal,Tumor,Normal,Fibroblast,M2_basement_membrane,7,0.137468940590013,-0.567381343019544,0.839156764301868,0.185243104272599,1.04315465341286,0.131781936782106,0.554113130069446,0.739251625583406,estimated,0.677249381195989,module,M2,GSE132465 Fibroblast,False
GSE132465,Tumor_vs_Normal,Tumor,Normal,Fibroblast,M3_matrix_organizing_glycoproteins,7,0.192955607011598,-0.317088811485369,0.755467280796865,0.117760668191658,0.806204643256419,0.239338248204838,0.799846105662473,0.549942516210987,estimated,0.799846105662473,module,M3,GSE132465 Fibroblast,False
GSE132465,Tumor_vs_Normal,Tumor,Normal,Fibroblast,M4_secreted_heparin_binding_factors,7,-0.517188340980544,-1.52947635730431,0.495332345339911,-0.361184147508774,1.53535092017061,-0.33685350637825,0.446872820710831,0.407122047408866,estimated,0.614450128477392,module,M4,GSE132465 Fibroblast,False
GSE132465,Tumor_vs_Normal,Tumor,Normal,Fibroblast,ECM19_structural_gene_equal,7,1.17327002330464,0.671426365384531,1.66771682691182,1.49435357041085,0.76706611955877,1.52955526699513,0.0346105575157073,0.0067503570196203,estimated,0.0543880189532544,structural_core,ECM19,GSE132465 Fibroblast,True
GSE132465,Tumor_vs_Normal,Tumor,Normal,Fibroblast,ECM21_gene_equal,7,1.135127460157,0.566692770952083,1.5979670167676,1.55501504848417,0.772726906457663,1.46898917414518,0.0346105575157073,0.0081087317953753,estimated,0.0543880189532544,full_panel_gene_equal,ECM21-GE,GSE132465 Fibroblast,True
GSE132465,Tumor_vs_Normal,Tumor,Normal,Fibroblast,ECM21_module_balanced,7,1.17345422046709,0.655662604337229,1.56979383642976,1.39960553179844,0.698451063602729,1.6800807982369,0.0346105575157073,0.0043520684104343,estimated,0.0543880189532544,full_panel_module_balanced,ECM21-MB,GSE132465 Fibroblast,True
GSE132465,Tumor_vs_Normal,Tumor,Normal,Myeloid,M1_interstitial_pericellular_collagen,9,1.01456761245586,0.554794738978208,1.53636891112308,0.673043942675994,0.786442629428245,1.29007199570738,0.00915168885265,0.0047398974697031,estimated,0.0235606070104103,module,M1,GSE132465 Myeloid,True
GSE132465,Tumor_vs_Normal,Tumor,Normal,Myeloid,M2_basement_membrane,9,0.622566867118816,0.359679727621143,0.904214772832401,0.595192890631766,0.446916159491271,1.39302832063063,0.0128512401874965,0.0030834803116066,estimated,0.0235606070104103,module,M2,GSE132465 Myeloid,True
GSE132465,Tumor_vs_Normal,Tumor,Normal,Myeloid,M3_matrix_organizing_glycoproteins,9,0.459897751569151,-0.153845402021272,0.987502120783478,0.509677513380447,0.931335599832878,0.493804544410926,0.236136970221653,0.176773740159468,estimated,0.259750667243818,module,M3,GSE132465 Myeloid,False
GSE132465,Tumor_vs_Normal,Tumor,Normal,Myeloid,M4_secreted_heparin_binding_factors,9,-0.118600697661979,-1.00010584145469,0.627482200235979,-0.0613755002605154,1.27262980815008,-0.0931933991349613,1.0,0.786891904746396,estimated,1.0,module,M4,GSE132465 Myeloid,False
GSE132465,Tumor_vs_Normal,Tumor,Normal,Myeloid,ECM19_structural_gene_equal,9,0.797867197269452,0.500892370360282,1.09239806553255,0.608113728123371,0.470739755224092,1.69492206344381,0.00915168885265,0.0009475252696293,estimated,0.0235606070104103,structural_core,ECM19,GSE132465 Myeloid,True
GSE132465,Tumor_vs_Normal,Tumor,Normal,Myeloid,ECM21_gene_equal,9,0.738835227488775,0.380941617664965,1.06929483155658,0.567297059382031,0.563027503344104,1.3122542382041,0.00915168885265,0.0043154753564697,estimated,0.0235606070104103,full_panel_gene_equal,ECM21-GE,GSE132465 Myeloid,True
GSE132465,Tumor_vs_Normal,Tumor,Normal,Myeloid,ECM21_module_balanced,9,0.623519904280577,0.0917613514276086,1.12192188145377,0.512009310649577,0.838585168187868,0.74353795885511,0.0755605675259413,0.056243092051292,estimated,0.0923518047539283,full_panel_module_balanced,ECM21-MB,GSE132465 Myeloid,True
GSE144735,Tumor_vs_Normal,Tumor,Normal,Epithelial,M1_interstitial_pericellular_collagen,6,0.51806104746141,-0.281656670629881,1.32511079623455,0.498055896004172,1.05961590999561,0.488913994754531,0.29450739368011,0.284748591283164,estimated,0.404947666310151,module,M1,GSE144735 Epithelial,False
GSE144735,Tumor_vs_Normal,Tumor,Normal,Epithelial,M2_basement_membrane,6,1.36178971528087,0.749438235396591,2.14062689540074,0.88990489491227,0.984072393542644,1.38383082811464,0.0360316862182336,0.019468094587594,estimated,0.257104330147048,module,M2,GSE144735 Epithelial,True
GSE144735,Tumor_vs_Normal,Tumor,Normal,Epithelial,M3_matrix_organizing_glycoproteins,6,0.100798388706965,-1.1286768005463,1.18609287335039,0.434953511031974,1.6218556875497,0.0621500355924091,1.0,0.884953252247824,estimated,1.0,module,M3,GSE144735 Epithelial,False
GSE144735,Tumor_vs_Normal,Tumor,Normal,Epithelial,M4_secreted_heparin_binding_factors,6,-0.220227919067654,-1.16607112959082,0.902428098909333,-0.675170279004276,1.40986208351511,-0.156205292448588,0.833935414088552,0.717724176242738,estimated,0.917328955497407,module,M4,GSE144735 Epithelial,False
GSE144735,Tumor_vs_Normal,Tumor,Normal,Epithelial,ECM19_structural_gene_equal,6,0.906155442982006,0.14110769313699,1.8444140198313,0.706321674498414,1.16827087966302,0.77563813217991,0.0934924836898357,0.115875549066839,estimated,0.257104330147048,structural_core,ECM19,GSE144735 Epithelial,True
GSE144735,Tumor_vs_Normal,Tumor,Normal,Epithelial,ECM21_gene_equal,6,0.821124664924854,0.020301377403488,1.70524240436193,0.691849280061549,1.18058837177078,0.695521559045375,0.208412803684149,0.149168801898054,estimated,0.382090140087606,full_panel_gene_equal,ECM21-GE,GSE144735 Epithelial,True
GSE144735,Tumor_vs_Normal,Tumor,Normal,Epithelial,ECM21_module_balanced,6,0.53161430550895,-0.357152811844705,1.43927264821492,0.455136583481162,1.24405385115218,0.427324191003945,0.29450739368011,0.343164847707958,estimated,0.404947666310151,full_panel_module_balanced,ECM21-MB,GSE144735 Epithelial,False
GSE144735,Tumor_vs_Normal,Tumor,Normal,Fibroblast,M1_interstitial_pericellular_collagen,5,1.26328944938911,0.569286358069568,2.14527480627093,0.905547476636967,1.01119881520355,1.24929878318223,0.0590582290905367,0.0491353483137984,estimated,0.0721822799995449,module,M1,GSE144735 Fibroblast,True
GSE144735,Tumor_vs_Normal,Tumor,Normal,Fibroblast,M2_basement_membrane,5,0.0110744073218357,-0.458928656655561,0.481077471299233,0.116956399047038,0.590549653108073,0.0187527115858098,0.787406490666269,0.96856226167588,estimated,0.787406490666269,module,M2,GSE144735 Fibroblast,False
GSE144735,Tumor_vs_Normal,Tumor,Normal,Fibroblast,M3_matrix_organizing_glycoproteins,5,1.14950252349259,0.385970388596859,1.91303465838833,1.27609069419719,0.969426679682847,1.18575499063907,0.0590582290905367,0.0568968535511322,estimated,0.0721822799995449,module,M3,GSE144735 Fibroblast,True
GSE144735,Tumor_vs_Normal,Tumor,Normal,Fibroblast,M4_secreted_heparin_binding_factors,5,-0.851587226025984,-1.91343655718969,0.314116107334108,-1.06056422477825,1.37342278654972,-0.62004739863485,0.280712665268496,0.237875525098166,estimated,0.308783931795345,module,M4,GSE144735 Fibroblast,False
GSE144735,Tumor_vs_Normal,Tumor,Normal,Fibroblast,ECM19_structural_gene_equal,5,1.40075301169363,0.708651907377161,2.28234176308268,1.24756839858367,1.04458688675134,1.34096361868945,0.0590582290905367,0.0400016597289326,estimated,0.0721822799995449,structural_core,ECM19,GSE144735 Fibroblast,True
GSE144735,Tumor_vs_Normal,Tumor,Normal,Fibroblast,ECM21_gene_equal,5,1.32448881781554,0.609961225735415,2.2189256148453,1.03412104109576,1.03929080420269,1.27441598872959,0.0590582290905367,0.0464107781899925,estimated,0.0721822799995449,full_panel_gene_equal,ECM21-GE,GSE144735 Fibroblast,True
GSE144735,Tumor_vs_Normal,Tumor,Normal,Fibroblast,ECM21_module_balanced,5,1.21055106684477,0.428280103804992,2.0681866052446,0.864349437419224,1.04180821432083,1.16197112885499,0.0590582290905367,0.0601590655374316,estimated,0.0721822799995449,full_panel_module_balanced,ECM21-MB,GSE144735 Fibroblast,True
GSE144735,Tumor_vs_Normal,Tumor,Normal,Myeloid,M1_interstitial_pericellular_collagen,4,1.00442333554356,0.231783001032209,2.44650793256568,0.334979073032802,1.44015455653131,0.697441348213883,0.100348246462291,0.257387473697785,estimated,0.713634069830446,module,M1,GSE144735 Myeloid,True
GSE144735,Tumor_vs_Normal,Tumor,Normal,Myeloid,M2_basement_membrane,4,0.788654174944571,-0.323535421327336,1.89807166430124,0.791426281859809,1.35292240624988,0.5829263905316,0.361310428526179,0.327935442412657,estimated,0.713634069830446,module,M2,GSE144735 Myeloid,False
GSE144735,Tumor_vs_Normal,Tumor,Normal,Myeloid,M3_matrix_organizing_glycoproteins,4,0.509179031015441,-0.633081064866029,1.9021099516099,0.258508206302448,1.5156240277497,0.335953390611943,0.855132140584706,0.549758148958098,estimated,0.940645354643177,module,M3,GSE144735 Myeloid,False
GSE144735,Tumor_vs_Normal,Tumor,Normal,Myeloid,M4_secreted_heparin_binding_factors,4,0.190356335005516,-0.898031479990757,1.2569349729963,-0.131538981220442,1.35245730784885,0.140748498234142,1.0,0.796629429946866,estimated,1.0,module,M4,GSE144735 Myeloid,False
GSE144735,Tumor_vs_Normal,Tumor,Normal,Myeloid,ECM19_structural_gene_equal,4,0.849296943564107,-0.150790262324375,2.17056819356045,0.437169007992306,1.43687169779761,0.591073611419783,0.361310428526179,0.322311652129601,estimated,0.713634069830446,structural_core,ECM19,GSE144735 Myeloid,False
GSE144735,Tumor_vs_Normal,Tumor,Normal,Myeloid,ECM21_gene_equal,4,0.798145377329972,-0.160968870340365,2.13508565299525,0.286716759572846,1.43455673419764,0.556370729928908,0.583882420770365,0.34695871648738,estimated,0.713634069830446,full_panel_gene_equal,ECM21-GE,GSE144735 Myeloid,False
GSE144735,Tumor_vs_Normal,Tumor,Normal,Myeloid,ECM21_module_balanced,4,0.704949101409497,-0.18897721917122,2.16248616579212,0.141338357607597,1.46915207812556,0.479833988533655,0.583882420770365,0.40801787802084,estimated,0.713634069830446,full_panel_module_balanced,ECM21-MB,GSE144735 Myeloid,False
