"cohort_split","time","n_risk","n_event","survival","lower","upper","risk_group"
"Discovery",1,205,1,0.995121951219512,0.985630057609733,1,"Low"
"Discovery",2,202,1,0.990195604926346,0.976766004933785,1,"Low"
"Discovery",3,200,2,0.980293648877083,0.961357362669142,0.999602931589002,"Low"
"Discovery",4,198,4,0.960489736778556,0.934027326964497,0.987701866769907,"Low"
"Discovery",5,194,1,0.955538758753924,0.927560673091152,0.98436074961887,"Low"
"Discovery",6,193,1,0.950587780729292,0.921191148705585,0.980922504674043,"Low"
"Discovery",7,191,1,0.945610881353746,0.914864741733522,0.97739031590646,"Low"
"Discovery",8,188,1,0.940581036240163,0.908531376439007,0.973761290669096,"Low"
"Discovery",9,187,3,0.925491500899411,0.889911951035088,0.962493555953238,"Low"
"Discovery",10,183,1,0.920434170293404,0.883771557652212,0.958617704437487,"Low"
"Discovery",11,182,3,0.90526217847538,0.865612331448939,0.946728208465145,"Low"
"Discovery",13,176,2,0.894975108265433,0.853452745672799,0.938517625581355,"Low"
"Discovery",15,171,2,0.884507563139521,0.841179513483847,0.930067383608526,"Low"
"Discovery",16,165,1,0.879146911241706,0.834916871092254,0.925720054662101,"Low"
"Discovery",19,161,3,0.862765291777575,0.815912232871421,0.912308847333274,"Low"
"Discovery",20,156,1,0.857234745035411,0.809543843414855,0.907735157364847,"Low"
"Discovery",21,152,2,0.845955340495471,0.796601287376297,0.898367162410517,"Low"
"Discovery",22,150,1,0.840315638225501,0.790173285750201,0.893639894666804,"Low"
"Discovery",23,148,1,0.834637829859113,0.783721712633022,0.888861818937664,"Low"
"Discovery",24,147,1,0.828960021492724,0.777296541436564,0.884057345685873,"Low"
"Discovery",25,145,1,0.823243055827257,0.770845148922865,0.879202690598521,"Low"
"Discovery",27,139,1,0.817320443914831,0.764148311844213,0.874192480290822,"Low"
"Discovery",28,136,1,0.811310734768399,0.757364161508654,0.869099888538781,"Low"
"Discovery",36,128,1,0.80497236965302,0.750173663180109,0.86377401355028,"Low"
"Discovery",37,124,3,0.785497231677544,0.728190086962741,0.847314337313488,"Low"
"Discovery",38,120,1,0.778951421413565,0.720855482896197,0.841729488529932,"Low"
"Discovery",45,108,2,0.764526395091091,0.70453070794578,0.82963113204139,"Low"
"Discovery",48,100,1,0.75688113114018,0.695854865051357,0.823259382736024,"Low"
"Discovery",61,79,1,0.747300357328279,0.684557424090787,0.815793977845911,"Low"
"Discovery",66,68,1,0.736310646191099,0.671339562660196,0.807569518986875,"Low"
"Discovery",1,205,1,0.995121951219512,0.985630057609733,1,"High"
"Discovery",2,202,2,0.98526925863318,0.968861109131515,1,"High"
"Discovery",3,198,4,0.965364829165843,0.940479550647758,0.990908577170582,"High"
"Discovery",4,194,3,0.950436507065341,0.920952382596754,0.9808645604624,"High"
"Discovery",5,191,3,0.935508184964838,0.902203931661731,0.970041842451581,"High"
"Discovery",6,185,4,0.915280980965598,0.877542410314474,0.954642492796602,"High"
"Discovery",7,181,1,0.910224179965789,0.871492706292186,0.950676984227815,"High"
"Discovery",9,177,5,0.884511632509128,0.841191210210072,0.930063008918724,"High"
"Discovery",10,171,2,0.874166467216623,0.829209965323995,0.921560333765902,"High"
"Discovery",11,168,1,0.868963095387953,0.823218872389852,0.917249210959078,"High"
"Discovery",12,167,2,0.858556351730612,0.811313486935096,0.908550173227858,"High"
"Discovery",13,164,2,0.848086152319263,0.799418776921122,0.899716322058146,"High"
"Discovery",14,161,4,0.827015688907605,0.775718267038762,0.88170535458738,"High"
"Discovery",15,154,1,0.821645457161451,0.769710204004201,0.877084977907303,"High"
"Discovery",17,151,3,0.805321375231091,0.751529431268605,0.862963565258298,"High"
"Discovery",18,146,5,0.777741876079342,0.721127573958337,0.838800855287169,"High"
"Discovery",20,140,1,0.772186576964489,0.715050179330184,0.833888483466555,"High"
"Discovery",21,138,3,0.75539991224787,0.696766596161526,0.818967256133796,"High"
"Discovery",23,134,1,0.749762599469901,0.690652477183082,0.813931715494082,"High"
"Discovery",25,133,1,0.744125286691932,0.684554272102157,0.808880266854454,"High"
"Discovery",26,128,1,0.738311807889651,0.678253114387298,0.803688643820982,"High"
"Discovery",27,126,1,0.732452190366717,0.671911757371817,0.798447423023922,"High"
"Discovery",28,124,1,0.72654531786376,0.665529002746906,0.793155665239272,"High"
"Discovery",32,121,2,0.714536304345351,0.652574134643537,0.782381806331325,"High"
"Discovery",33,117,1,0.708429156444963,0.645996462354634,0.776895693626583,"High"
"Discovery",34,113,1,0.702159871874654,0.639236475125946,0.771277148372816,"High"
"Discovery",35,112,1,0.695890587304344,0.632496300722285,0.76563880127959,"High"
"Discovery",36,111,1,0.689621302734035,0.625775451409158,0.759981140381352,"High"
"Discovery",39,107,1,0.683176243829978,0.618856919601549,0.754180433878226,"High"
"Discovery",41,105,1,0.67666980341255,0.611883259603879,0.748315982932435,"High"
"Discovery",43,101,1,0.669970102388664,0.604691863391091,0.742295316456692,"High"
"Discovery",53,82,2,0.653629368184062,0.586671467008489,0.728229298641711,"High"
"Discovery",54,79,1,0.645355578713378,0.577598678454003,0.721060900089377,"High"
"Discovery",56,76,1,0.636864057940833,0.568292740664488,0.713709324920487,"High"
"Discovery",74,53,1,0.624847754960817,0.554256052123348,0.704430227480283,"High"
"Discovery",78,44,1,0.610646669620799,0.537242009333201,0.694080784154957,"High"
"Discovery",93,26,1,0.587160259250768,0.505691283739744,0.681754226598179,"High"
"Discovery",119,15,1,0.548016241967384,0.448002755402807,0.670357040974066,"High"
"Validation",2,39,1,0.974358974358974,0.925993618769312,1,"Low"
"Validation",4,38,1,0.948717948717949,0.88195758809877,1,"Low"
"Validation",8,37,1,0.923076923076923,0.843123294454014,1,"Low"
"Validation",18,35,1,0.896703296703297,0.805758529814257,0.997912864172739,"Low"
"Validation",19,34,3,0.817582417582418,0.704004433732965,0.94948409059801,"Low"
"Validation",34,30,1,0.79032967032967,0.671011689733548,0.930864539858368,"Low"
"Validation",45,28,1,0.762103610675039,0.637509396880055,0.911048395908127,"Low"
"Validation",3,69,1,0.985507246376812,0.957708167165714,1,"High"
"Validation",5,67,3,0.941380056240536,0.887255344225613,0.998806505990559,"High"
"Validation",6,64,1,0.926670992861778,0.866812269652247,0.990663329391887,"High"
"Validation",8,63,1,0.91196192948302,0.847105060725661,0.981784431926247,"High"
"Validation",9,62,1,0.897252866104261,0.827967964402214,0.972335573772543,"High"
"Validation",11,61,1,0.882543802725503,0.809292712736059,0.962425030488586,"High"
"Validation",13,59,3,0.837668694112342,0.754278465979712,0.930278236412955,"High"
"Validation",14,56,1,0.822710324574621,0.736534273495863,0.918969153939149,"High"
"Validation",15,55,1,0.807751955036901,0.719033977926307,0.90741639602017,"High"
"Validation",16,54,1,0.792793585499181,0.701755146374546,0.895642408118782,"High"
"Validation",19,52,2,0.762301524518443,0.667006212383076,0.871211697124946,"High"
"Validation",22,50,1,0.747055494028074,0.649920305636607,0.858708223635005,"High"
"Validation",23,49,1,0.731809463537705,0.63300989232489,0.846029576183112,"High"
"Validation",24,48,1,0.716563433047336,0.616264717851503,0.833186029813101,"High"
"Validation",30,47,1,0.701317402556967,0.599676027827246,0.820186361144557,"High"
"Validation",32,45,1,0.685732571389035,0.582797026565356,0.806848933727505,"High"
