"cohort","model","comparison","score_A","score_B","n","events","bootstrap_reps_requested","bootstrap_reps_successful","bootstrap_success_fraction","Cindex_A_apparent","Cindex_B_apparent","delta_Cindex_apparent","delta_Cindex_boot_median","CI_lower","CI_upper","bootstrap_probability_delta_gt_0","reliable_bootstrap"
"Discovery","clinical_primary","ECM21_gene_equal_minus_best_module_frozen","ECM21_gene_equal","M2",373,108,1000,602,0.602,0.615005200818709,0.624500889172231,-0.00949568835352155,-0.0049182780080661,-0.0178892262115774,0.00569303974757429,0.1578073089701,FALSE
"Discovery","clinical_primary","ECM21_gene_equal_minus_M1","ECM21_gene_equal","M1",373,108,1000,602,0.602,0.615005200818709,0.61094520685837,0.00405999396033951,0.0032767637432739,-0.00542634958367928,0.0172630201923284,0.759136212624585,FALSE
"Discovery","clinical_primary","ECM21_gene_equal_minus_M2","ECM21_gene_equal","M2",373,108,1000,602,0.602,0.615005200818709,0.624500889172231,-0.00949568835352155,-0.0049182780080661,-0.0178892262115774,0.00569303974757429,0.1578073089701,FALSE
"Discovery","clinical_primary","ECM21_gene_equal_minus_M3","ECM21_gene_equal","M3",373,108,1000,602,0.602,0.615005200818709,0.611951816931181,0.00305338388752807,0.00287977008541923,-0.0091172713823814,0.0183872138295347,0.737541528239203,FALSE
"Discovery","clinical_primary","ECM21_gene_equal_minus_M4","ECM21_gene_equal","M4",373,108,1000,602,0.602,0.615005200818709,0.604838439083314,0.0101667617353958,0.00585980934826758,-0.0144190679240349,0.0426370478891981,0.727574750830565,FALSE
"Discovery","clinical_primary","ECM21_gene_equal_minus_ECM19_structural","ECM21_gene_equal","ECM19_structural",373,108,1000,602,0.602,0.615005200818709,0.616078918229708,-0.00107371741099893,-0.000508852426376383,-0.00433519840296066,0.003399406795694,0.37375415282392,FALSE
"Discovery","clinical_primary","ECM21_gene_equal_minus_ECM21_module_balanced","ECM21_gene_equal","ECM21_module_balanced",373,108,1000,602,0.602,0.615005200818709,0.611985370600275,0.00301983021843433,0.00176341648194789,-0.00437521036086466,0.011177465057904,0.76578073089701,FALSE
"Discovery","clinical_primary","ECM21_module_balanced_minus_best_module_frozen","ECM21_module_balanced","M2",373,108,1000,602,0.602,0.611985370600275,0.624500889172231,-0.0125155185719559,-0.00669965814116036,-0.0261452207534946,0.00838011830540605,0.149501661129568,FALSE
"Discovery","clinical_stratified","ECM21_gene_equal_minus_best_module_frozen","ECM21_gene_equal","M2",373,108,1000,1000,1,0.573063114451565,0.581317317048619,-0.00825420259705401,-0.00671889827249633,-0.0308394747260936,0.00978419570643286,0.203,TRUE
"Discovery","clinical_stratified","ECM21_gene_equal_minus_M1","ECM21_gene_equal","M1",373,108,1000,1000,1,0.573063114451565,0.56497668019998,0.00808643425158539,0.00624735124310988,-0.00850203391550698,0.0253049878052511,0.807,TRUE
"Discovery","clinical_stratified","ECM21_gene_equal_minus_M2","ECM21_gene_equal","M2",373,108,1000,1000,1,0.573063114451565,0.581317317048619,-0.00825420259705401,-0.00671889827249633,-0.0308394747260936,0.00978419570643286,0.203,TRUE
"Discovery","clinical_stratified","ECM21_gene_equal_minus_M3","ECM21_gene_equal","M3",373,108,1000,1000,1,0.573063114451565,0.56732543703654,0.00573767741502529,0.00548709254201829,-0.0135876441203207,0.0302346457280437,0.753,TRUE
"Discovery","clinical_stratified","ECM21_gene_equal_minus_M4","ECM21_gene_equal","M4",373,108,1000,1000,1,0.573063114451565,0.54863604335134,0.0244270711002248,0.0158927672092319,-0.0299845637192826,0.0759223820040861,0.771,TRUE
"Discovery","clinical_stratified","ECM21_gene_equal_minus_ECM19_structural","ECM21_gene_equal","ECM19_structural",373,108,1000,1000,1,0.573063114451565,0.575713854309969,-0.00265073985840358,-0.00113084547454306,-0.00780976701864224,0.00443151486073739,0.306,TRUE
"Discovery","clinical_stratified","ECM21_gene_equal_minus_ECM21_module_balanced","ECM21_gene_equal","ECM21_module_balanced",373,108,1000,1000,1,0.573063114451565,0.568600476462101,0.00446263798946411,0.00372975432337541,-0.0060134189658488,0.01680321197091,0.802,TRUE
"Discovery","clinical_stratified","ECM21_module_balanced_minus_best_module_frozen","ECM21_module_balanced","M2",373,108,1000,1000,1,0.568600476462101,0.581317317048619,-0.0127168405865181,-0.0109782733617282,-0.0419612331191391,0.0127999215449949,0.155,TRUE
"Discovery","caf_primary","ECM21_gene_equal_minus_best_module_frozen","ECM21_gene_equal","M2",373,108,1000,639,0.639,0.615240076502366,0.622789652048451,-0.00754957554608593,-0.00415530882255177,-0.0250401518469849,0.00767417797194758,0.248826291079812,FALSE
"Discovery","caf_primary","ECM21_gene_equal_minus_M1","ECM21_gene_equal","M1",373,108,1000,639,0.639,0.615240076502366,0.615542059524209,-0.000301983021843366,0.000465246115194939,-0.00822669104204754,0.0136545554422036,0.543035993740219,FALSE
"Discovery","caf_primary","ECM21_gene_equal_minus_M2","ECM21_gene_equal","M2",373,108,1000,639,0.639,0.615240076502366,0.622789652048451,-0.00754957554608593,-0.00415530882255177,-0.0250401518469849,0.00767417797194758,0.248826291079812,FALSE
"Discovery","caf_primary","ECM21_gene_equal_minus_M3","ECM21_gene_equal","M3",373,108,1000,639,0.639,0.615240076502366,0.615844042546052,-0.000603966043686843,-0.000391274576934442,-0.0157193914666161,0.0150742698892246,0.469483568075117,FALSE
"Discovery","caf_primary","ECM21_gene_equal_minus_M4","ECM21_gene_equal","M4",373,108,1000,639,0.639,0.615240076502366,0.617219742978895,-0.00197966647652925,-0.00058931174591359,-0.0199374741933581,0.0175384404173531,0.464788732394366,FALSE
"Discovery","caf_primary","ECM21_gene_equal_minus_ECM19_structural","ECM21_gene_equal","ECM19_structural",373,108,1000,639,0.639,0.615240076502366,0.616313793913364,-0.00107371741099893,-0.000228526656002148,-0.00486409155937051,0.00390638503819962,0.438184663536776,FALSE
"Discovery","caf_primary","ECM21_gene_equal_minus_ECM21_module_balanced","ECM21_gene_equal","ECM21_module_balanced",373,108,1000,639,0.639,0.615240076502366,0.61537429117874,-0.000134214676374866,0.00026020491136769,-0.00833496764071384,0.0106897872488596,0.535211267605634,FALSE
"Discovery","caf_primary","ECM21_module_balanced_minus_best_module_frozen","ECM21_module_balanced","M2",373,108,1000,639,0.639,0.61537429117874,0.622789652048451,-0.00741536086971106,-0.00391802290536469,-0.0291042240761012,0.0111869031377899,0.272300469483568,FALSE
"Discovery","caf_stratified","ECM21_gene_equal_minus_best_module_frozen","ECM21_gene_equal","M2",373,108,1000,1000,1,0.573935509848002,0.581451531724994,-0.0075160218769923,-0.0056114660189171,-0.0322929595499747,0.0112953235205789,0.252,TRUE
"Discovery","caf_stratified","ECM21_gene_equal_minus_M1","ECM21_gene_equal","M1",373,108,1000,1000,1,0.573935509848002,0.573365097473409,0.00057041237459321,0.00078124229532911,-0.0146810175365135,0.0232118831824862,0.552,TRUE
"Discovery","caf_stratified","ECM21_gene_equal_minus_M2","ECM21_gene_equal","M2",373,108,1000,1000,1,0.573935509848002,0.581451531724994,-0.0075160218769923,-0.0056114660189171,-0.0322929595499747,0.0112953235205789,0.252,TRUE
"Discovery","caf_stratified","ECM21_gene_equal_minus_M3","ECM21_gene_equal","M3",373,108,1000,1000,1,0.573935509848002,0.572123611716941,0.00181189813106064,-0.000270211498422712,-0.0296213359083235,0.0281219313624172,0.485,TRUE
"Discovery","caf_stratified","ECM21_gene_equal_minus_M4","ECM21_gene_equal","M4",373,108,1000,1000,1,0.573935509848002,0.575848068986344,-0.00191255913834176,-0.0029907184176261,-0.0335848662469914,0.0288750922393248,0.376,TRUE
"Discovery","caf_stratified","ECM21_gene_equal_minus_ECM19_structural","ECM21_gene_equal","ECM19_structural",373,108,1000,1000,1,0.573935509848002,0.575881622655437,-0.0019461128074354,-0.000668491888040079,-0.00955432357315396,0.0065149375229359,0.401,TRUE
"Discovery","caf_stratified","ECM21_gene_equal_minus_ECM21_module_balanced","ECM21_gene_equal","ECM21_module_balanced",373,108,1000,1000,1,0.573935509848002,0.57229138006241,0.00164412978559203,0.00086410272888271,-0.0152738181957688,0.0195670399731352,0.567,TRUE
"Discovery","caf_stratified","ECM21_module_balanced_minus_best_module_frozen","ECM21_module_balanced","M2",373,108,1000,1000,1,0.57229138006241,0.581451531724994,-0.00916015166258433,-0.00583712321275637,-0.0427806102680973,0.0209460227946707,0.265,TRUE
"Validation","clinical_primary","ECM21_gene_equal_minus_best_module_frozen","ECM21_gene_equal","M2",98,30,1000,0,0,,,,,,,,FALSE
"Validation","clinical_primary","ECM21_gene_equal_minus_M1","ECM21_gene_equal","M1",98,30,1000,0,0,,,,,,,,FALSE
"Validation","clinical_primary","ECM21_gene_equal_minus_M2","ECM21_gene_equal","M2",98,30,1000,0,0,,,,,,,,FALSE
"Validation","clinical_primary","ECM21_gene_equal_minus_M3","ECM21_gene_equal","M3",98,30,1000,0,0,,,,,,,,FALSE
"Validation","clinical_primary","ECM21_gene_equal_minus_M4","ECM21_gene_equal","M4",98,30,1000,0,0,,,,,,,,FALSE
"Validation","clinical_primary","ECM21_gene_equal_minus_ECM19_structural","ECM21_gene_equal","ECM19_structural",98,30,1000,0,0,,,,,,,,FALSE
"Validation","clinical_primary","ECM21_gene_equal_minus_ECM21_module_balanced","ECM21_gene_equal","ECM21_module_balanced",98,30,1000,0,0,,,,,,,,FALSE
"Validation","clinical_primary","ECM21_module_balanced_minus_best_module_frozen","ECM21_module_balanced","M2",98,30,1000,0,0,,,,,,,,FALSE
"Validation","clinical_stratified","ECM21_gene_equal_minus_best_module_frozen","ECM21_gene_equal","M2",98,30,1000,664,0.664,0.565570269115762,0.575395130286202,-0.00982486117044001,-0.00398898319318181,-0.0526389489406863,0.0342306893958293,0.378012048192771,FALSE
"Validation","clinical_stratified","ECM21_gene_equal_minus_M1","ECM21_gene_equal","M1",98,30,1000,664,0.664,0.565570269115762,0.561298590346006,0.00427167876975654,-0.0010054052199327,-0.0372994172913303,0.0345777633455375,0.469879518072289,FALSE
"Validation","clinical_stratified","ECM21_gene_equal_minus_M2","ECM21_gene_equal","M2",98,30,1000,664,0.664,0.565570269115762,0.575395130286202,-0.00982486117044001,-0.00398898319318181,-0.0526389489406863,0.0342306893958293,0.378012048192771,FALSE
"Validation","clinical_stratified","ECM21_gene_equal_minus_M3","ECM21_gene_equal","M3",98,30,1000,664,0.664,0.565570269115762,0.558735583084152,0.00683468603161042,0.0010498291479728,-0.0376535870881588,0.0437445468822708,0.524096385542169,FALSE
"Validation","clinical_stratified","ECM21_gene_equal_minus_M4","ECM21_gene_equal","M4",98,30,1000,664,0.664,0.565570269115762,0.558735583084152,0.00683468603161042,0.00407478812708356,-0.0499573465883467,0.0679213483146067,0.566265060240964,FALSE
"Validation","clinical_stratified","ECM21_gene_equal_minus_ECM19_structural","ECM21_gene_equal","ECM19_structural",98,30,1000,664,0.664,0.565570269115762,0.565570269115762,0,0,-0.0144701571019772,0.0128137551023082,0.468373493975904,FALSE
"Validation","clinical_stratified","ECM21_gene_equal_minus_ECM21_module_balanced","ECM21_gene_equal","ECM21_module_balanced",98,30,1000,664,0.664,0.565570269115762,0.561298590346006,0.00427167876975654,0.00128900949796468,-0.0197308190387937,0.0218156352662694,0.55421686746988,FALSE
"Validation","clinical_stratified","ECM21_module_balanced_minus_best_module_frozen","ECM21_module_balanced","M2",98,30,1000,664,0.664,0.561298590346006,0.575395130286202,-0.0140965399401966,-0.00515482595285122,-0.0575537481994545,0.04000936276824,0.364457831325301,FALSE
"Validation","caf_primary","ECM21_gene_equal_minus_best_module_frozen","ECM21_gene_equal","M2",98,30,1000,0,0,,,,,,,,FALSE
"Validation","caf_primary","ECM21_gene_equal_minus_M1","ECM21_gene_equal","M1",98,30,1000,0,0,,,,,,,,FALSE
"Validation","caf_primary","ECM21_gene_equal_minus_M2","ECM21_gene_equal","M2",98,30,1000,0,0,,,,,,,,FALSE
"Validation","caf_primary","ECM21_gene_equal_minus_M3","ECM21_gene_equal","M3",98,30,1000,0,0,,,,,,,,FALSE
"Validation","caf_primary","ECM21_gene_equal_minus_M4","ECM21_gene_equal","M4",98,30,1000,0,0,,,,,,,,FALSE
"Validation","caf_primary","ECM21_gene_equal_minus_ECM19_structural","ECM21_gene_equal","ECM19_structural",98,30,1000,0,0,,,,,,,,FALSE
"Validation","caf_primary","ECM21_gene_equal_minus_ECM21_module_balanced","ECM21_gene_equal","ECM21_module_balanced",98,30,1000,0,0,,,,,,,,FALSE
"Validation","caf_primary","ECM21_module_balanced_minus_best_module_frozen","ECM21_module_balanced","M2",98,30,1000,0,0,,,,,,,,FALSE
"Validation","caf_stratified","ECM21_gene_equal_minus_best_module_frozen","ECM21_gene_equal","M2",98,30,1000,644,0.644,0.5736864587783,0.589064502349423,-0.0153780435711234,-0.00598522382672123,-0.0660767233483611,0.0375233834674391,0.355590062111801,FALSE
"Validation","caf_stratified","ECM21_gene_equal_minus_M1","ECM21_gene_equal","M1",98,30,1000,644,0.644,0.5736864587783,0.56087142246903,0.0128150363092696,0.00638500781887968,-0.0337882094711715,0.0715595644788462,0.641304347826087,FALSE
"Validation","caf_stratified","ECM21_gene_equal_minus_M2","ECM21_gene_equal","M2",98,30,1000,644,0.644,0.5736864587783,0.589064502349423,-0.0153780435711234,-0.00598522382672123,-0.0660767233483611,0.0375233834674391,0.355590062111801,FALSE
"Validation","caf_stratified","ECM21_gene_equal_minus_M3","ECM21_gene_equal","M3",98,30,1000,644,0.644,0.5736864587783,0.559589918838103,0.0140965399401966,0.00514442108234631,-0.0519215177587687,0.0872222222222222,0.610248447204969,FALSE
"Validation","caf_stratified","ECM21_gene_equal_minus_M4","ECM21_gene_equal","M4",98,30,1000,644,0.644,0.5736864587783,0.558308415207176,0.0153780435711235,0.00497986785981597,-0.0591169792403869,0.101193370554014,0.588509316770186,FALSE
"Validation","caf_stratified","ECM21_gene_equal_minus_ECM19_structural","ECM21_gene_equal","ECM19_structural",98,30,1000,644,0.644,0.5736864587783,0.574113626655276,-0.000427167876975609,0,-0.018541723583215,0.0198591995928079,0.489130434782609,FALSE
"Validation","caf_stratified","ECM21_gene_equal_minus_ECM21_module_balanced","ECM21_gene_equal","ECM21_module_balanced",98,30,1000,644,0.644,0.5736864587783,0.568987612131568,0.00469884664673226,0.00253930932505742,-0.0323468028359186,0.0375368011819515,0.591614906832298,FALSE
"Validation","caf_stratified","ECM21_module_balanced_minus_best_module_frozen","ECM21_module_balanced","M2",98,30,1000,644,0.644,0.568987612131568,0.589064502349423,-0.0200768902178556,-0.00894559369352832,-0.0818462159472804,0.0533867003759218,0.343167701863354,FALSE
"Pooled","clinical_primary","ECM21_gene_equal_minus_best_module_frozen","ECM21_gene_equal","M2",471,138,1000,648,0.648,0.647106814334374,0.652205837361562,-0.00509902302718801,-0.0044716745414598,-0.0160911857855809,0.00289149915013604,0.112654320987654,FALSE
"Pooled","clinical_primary","ECM21_gene_equal_minus_M1","ECM21_gene_equal","M1",471,138,1000,648,0.648,0.647106814334374,0.643986212241734,0.00312060209263909,0.00225921996985107,-0.00338741474513028,0.0118398873205161,0.777777777777778,FALSE
"Pooled","clinical_primary","ECM21_gene_equal_minus_M2","ECM21_gene_equal","M2",471,138,1000,648,0.648,0.647106814334374,0.652205837361562,-0.00509902302718801,-0.0044716745414598,-0.0160911857855809,0.00289149915013604,0.112654320987654,FALSE
"Pooled","clinical_primary","ECM21_gene_equal_minus_M3","ECM21_gene_equal","M3",471,138,1000,648,0.648,0.647106814334374,0.642068979583512,0.00503783475086172,0.00365632039458075,-0.00373515329011032,0.0141024981184158,0.844135802469136,FALSE
"Pooled","clinical_primary","ECM21_gene_equal_minus_M4","ECM21_gene_equal","M4",471,138,1000,648,0.648,0.647106814334374,0.638132533806523,0.00897428052785088,0.00643474996252558,-0.00842555833452908,0.0307051987086172,0.807098765432099,FALSE
"Pooled","clinical_primary","ECM21_gene_equal_minus_ECM19_structural","ECM21_gene_equal","ECM19_structural",471,138,1000,648,0.648,0.647106814334374,0.647575924452875,-0.000469110118501259,-0.00034719614798695,-0.00336271229269254,0.00203032427235589,0.367283950617284,FALSE
"Pooled","clinical_primary","ECM21_gene_equal_minus_ECM21_module_balanced","ECM21_gene_equal","ECM21_module_balanced",471,138,1000,648,0.648,0.647106814334374,0.644373737991801,0.0027330763425728,0.0017332629452782,-0.00190077010813668,0.00796146259674718,0.807098765432099,FALSE
"Pooled","clinical_primary","ECM21_module_balanced_minus_best_module_frozen","ECM21_module_balanced","M2",471,138,1000,648,0.648,0.644373737991801,0.652205837361562,-0.00783209936976081,-0.00632644172432451,-0.0215485837788338,0.00372843104318721,0.0910493827160494,FALSE
"Pooled","clinical_stratified","ECM21_gene_equal_minus_best_module_frozen","ECM21_gene_equal","M2",471,138,1000,1000,1,0.575292174019458,0.584021701442004,-0.00872952742254585,-0.00684939484943126,-0.0258737472513878,0.00885714806547796,0.162,TRUE
"Pooled","clinical_stratified","ECM21_gene_equal_minus_M1","ECM21_gene_equal","M1",471,138,1000,1000,1,0.575292174019458,0.569010177649962,0.00628199636949556,0.00546965821097423,-0.00691876740033221,0.0223365684617008,0.828,TRUE
"Pooled","clinical_stratified","ECM21_gene_equal_minus_M2","ECM21_gene_equal","M2",471,138,1000,1000,1,0.575292174019458,0.584021701442004,-0.00872952742254585,-0.00684939484943126,-0.0258737472513878,0.00885714806547796,0.162,TRUE
"Pooled","clinical_stratified","ECM21_gene_equal_minus_M3","ECM21_gene_equal","M3",471,138,1000,1000,1,0.575292174019458,0.56627710130739,0.00901507271206836,0.00789359914171944,-0.00920407129759476,0.0285755312248939,0.848,TRUE
"Pooled","clinical_stratified","ECM21_gene_equal_minus_M4","ECM21_gene_equal","M4",471,138,1000,1000,1,0.575292174019458,0.553264394542006,0.0220277794774522,0.0181794217069599,-0.0170464008590198,0.0643273916720864,0.846,TRUE
"Pooled","clinical_stratified","ECM21_gene_equal_minus_ECM19_structural","ECM21_gene_equal","ECM19_structural",471,138,1000,1000,1,0.575292174019458,0.576760692651288,-0.00146851863183017,-0.000719998521857113,-0.0056416570717671,0.00355832521981227,0.332,TRUE
"Pooled","clinical_stratified","ECM21_gene_equal_minus_ECM21_module_balanced","ECM21_gene_equal","ECM21_module_balanced",471,138,1000,1000,1,0.575292174019458,0.570927410308185,0.00436476371127292,0.00388911927191093,-0.00439885109858392,0.0142815876962027,0.852,TRUE
"Pooled","clinical_stratified","ECM21_module_balanced_minus_best_module_frozen","ECM21_module_balanced","M2",471,138,1000,1000,1,0.570927410308185,0.584021701442004,-0.0130942911338188,-0.0109290348144074,-0.0367687185606958,0.00969050764955916,0.129,TRUE
"Pooled","caf_primary","ECM21_gene_equal_minus_best_module_frozen","ECM21_gene_equal","M2",471,138,1000,647,0.647,0.647188398702809,0.652430194374758,-0.00524179567194927,-0.0041447971340498,-0.0213845360590944,0.00480989501133923,0.185471406491499,FALSE
"Pooled","caf_primary","ECM21_gene_equal_minus_M1","ECM21_gene_equal","M1",471,138,1000,647,0.647,0.647188398702809,0.645311958228803,0.00187644047400515,0.000974484418192922,-0.00605424701800159,0.0116037669609504,0.647604327666152,FALSE
"Pooled","caf_primary","ECM21_gene_equal_minus_M2","ECM21_gene_equal","M2",471,138,1000,647,0.647,0.647188398702809,0.652430194374758,-0.00524179567194927,-0.0041447971340498,-0.0213845360590944,0.00480989501133923,0.185471406491499,FALSE
"Pooled","caf_primary","ECM21_gene_equal_minus_M3","ECM21_gene_equal","M3",471,138,1000,647,0.647,0.647188398702809,0.645189581676151,0.00199881702665772,0.000766985932355579,-0.0127632130744545,0.0134159620401237,0.571870170015456,FALSE
"Pooled","caf_primary","ECM21_gene_equal_minus_M4","ECM21_gene_equal","M4",471,138,1000,647,0.647,0.647188398702809,0.645495523057782,0.0016928756450264,0.000767810081138798,-0.0109743722275269,0.0133172271095541,0.573415765069552,FALSE
"Pooled","caf_primary","ECM21_gene_equal_minus_ECM19_structural","ECM21_gene_equal","ECM19_structural",471,138,1000,647,0.647,0.647188398702809,0.647433151808114,-0.000244753105305029,-0.000161495447847049,-0.00454151739284765,0.00336239522496293,0.426584234930448,FALSE
"Pooled","caf_primary","ECM21_gene_equal_minus_ECM21_module_balanced","ECM21_gene_equal","ECM21_module_balanced",471,138,1000,647,0.647,0.647188398702809,0.645067205123498,0.00212119357931018,0.00104844231427592,-0.00526270498400214,0.00949917697384009,0.650695517774343,FALSE
"Pooled","caf_primary","ECM21_module_balanced_minus_best_module_frozen","ECM21_module_balanced","M2",471,138,1000,647,0.647,0.645067205123498,0.652430194374758,-0.00736298925125944,-0.00517453798767964,-0.0269468084028342,0.00784548185135394,0.200927357032458,FALSE
"Pooled","caf_stratified","ECM21_gene_equal_minus_best_module_frozen","ECM21_gene_equal","M2",471,138,1000,1000,1,0.575190193558914,0.584653980297375,-0.00946378673846093,-0.00631508796336833,-0.0328050377306781,0.00706888444087989,0.193,TRUE
"Pooled","caf_stratified","ECM21_gene_equal_minus_M1","ECM21_gene_equal","M1",471,138,1000,1000,1,0.575190193558914,0.572457117216341,0.0027330763425728,0.00193549843015711,-0.0117860348458589,0.0238423487220233,0.652,TRUE
"Pooled","caf_stratified","ECM21_gene_equal_minus_M2","ECM21_gene_equal","M2",471,138,1000,1000,1,0.575190193558914,0.584653980297375,-0.00946378673846093,-0.00631508796336833,-0.0328050377306781,0.00706888444087989,0.193,TRUE
"Pooled","caf_stratified","ECM21_gene_equal_minus_M3","ECM21_gene_equal","M3",471,138,1000,1000,1,0.575190193558914,0.570172754900161,0.00501743865875293,0.00192221556902383,-0.0205025053452018,0.0324609237101899,0.613,TRUE
"Pooled","caf_stratified","ECM21_gene_equal_minus_M4","ECM21_gene_equal","M4",471,138,1000,1000,1,0.575190193558914,0.571845234453079,0.00334495910583532,0.00129276473498025,-0.0240727498565007,0.0370380721413802,0.566,TRUE
"Pooled","caf_stratified","ECM21_gene_equal_minus_ECM19_structural","ECM21_gene_equal","ECM19_structural",471,138,1000,1000,1,0.575190193558914,0.576699504374962,-0.00150931081604766,-0.000641186140275307,-0.0072581531997997,0.00445936054552954,0.367,TRUE
"Pooled","caf_stratified","ECM21_gene_equal_minus_ECM21_module_balanced","ECM21_gene_equal","ECM21_module_balanced",471,138,1000,1000,1,0.575190193558914,0.571559689163556,0.00363050439535784,0.00197039450215042,-0.0086248903322179,0.0172656106719763,0.695,TRUE
"Pooled","caf_stratified","ECM21_module_balanced_minus_best_module_frozen","ECM21_module_balanced","M2",471,138,1000,1000,1,0.571559689163556,0.584653980297375,-0.0130942911338188,-0.00889803246451359,-0.0435699964858339,0.0114311465183212,0.197,TRUE
